<?xml version="1.0" encoding="UTF-8"?>
<beans xmlns="http://www.springframework.org/schema/beans"
	xmlns:xsi="http://www.w3.org/2001/XMLSchema-instance"
	xmlns:p="http://www.springframework.org/schema/p"
	xmlns:context="http://www.springframework.org/schema/context"
	xmlns:tx="http://www.springframework.org/schema/tx"
	xmlns:jdbc="http://www.springframework.org/schema/jdbc"
	xsi:schemaLocation="http://www.springframework.org/schema/beans http://www.springframework.org/schema/beans/spring-beans.xsd
						http://www.springframework.org/schema/context http://www.springframework.org/schema/context/spring-context.xsd
						http://www.springframework.org/schema/tx http://www.springframework.org/schema/tx/spring-tx.xsd
						http://www.springframework.org/schema/jdbc http://www.springframework.org/schema/jdbc/spring-jdbc.xsd">
        
    <context:component-scan base-package="com.wipro.Pan" />
    <bean class="org.springframework.web.servlet.view.InternalResourceViewResolver">
        <property name="prefix" value="/WEB-INF/Pages/" />
        <property name="suffix" value=".html" />
    </bean>
    <jdbc:embedded-database id="dataSourceBean" type="H2">
		<jdbc:script location="classpath:table.sql" />
	</jdbc:embedded-database>
   <bean id="sessionFactoryBean" class="org.springframework.orm.hibernate5.LocalSessionFactoryBean">
      <property name="dataSource" ref="dataSourceBean" />
      <property name="mappingResources">
      <value>/myappin/src/main/webapp/WEB-INF/PanPOJO.hbm.xml</value>
      </property>
      
   </bean>
   <bean id="hibernateTemplateBean" class="org.springframework.orm.hibernate5.HibernateTemplate">
      <property name="sessionFactory" ref="sessionFactoryBean" />
   </bean>
   
   <bean id="PanDAO" class="com.wipro.Pan.PanDAO">
      <property name="hibernateTemplate" ref="hibernateTemplateBean" />
   </bean>     
</beans>